Metric,Measured,Theory
Tc,2.2676880240145088,2.2692
gamma/nu,1.6723432696936322,1.75
